,0,1,2,3,4,5,6,7,8,9,10,11,12,13,14,15,16,17,18,19,20,21,22,23,24,25,26,27,28,29,30,31,32,33,34,35,36,37,38,39,40,41,42,43,44,45,46,47,48,49,50,51,52,53,54,55,56,57,58,59,60,61,62,63,64,65,66,67,68,69,70,71,72,73,74,75,76,77,78,79
0,0.6414513,1.0906354,1.0926114,0.0,0.0,2.5644727,3.2734056,9.113267,12.752699,5.0266466,0.0,0.0,3.9046988,11.382889,0.0,1.0190176,2.475132,9.763504,5.1472325,6.9924426,9.906974,0.65251005,4.133618,2.861819,4.4010043,1.701672,2.4789042,4.402954,4.71766,0.0,3.18601,0.0,0.0,5.4456244,1.9709294,1.4392406,6.423621,15.986117,1.2680726,2.5176136,0.0,0.93734056,5.0803638,0.7888348,9.71207,0.0,13.435253,0.0,8.927347,0.0,11.495416,3.1855774,10.832148,6.5154586,9.395242,5.715906,9.681946,5.6837697,1.4523735,0.0,0.8355861,0.0,3.2376096,9.426775,0.0,7.5992703,0.98081243,1.2512687,-4.981951,-17.728998,0.0,-7.2960777,-15.192599,-2.046653,-5.7016673,-4.3923473,-11.820698,0.0,-2.0904768,-1.360932
1,5.510782,2.1563008,0.0,12.792012,1.3738654,3.1786058,0.67641073,2.0238132,1.3993684,15.636068,4.8510633,14.469364,2.640888,2.1830592,3.8768284,2.2729442,4.2683687,0.0,1.3568348,0.7786295,10.8665905,2.9402287,7.397237,0.0,0.0,1.433023,0.0,1.5289122,3.4160151,2.4196177,1.0268154,2.1950805,0.0,2.669449,0.0,6.9602776,1.8826147,2.855748,0.8348109,1.1531162,2.3723557,3.2974138,6.6316905,0.0,7.04153,5.678621,13.487218,5.26219,9.013184,0.853136,7.216915,2.534125,4.2722616,0.0,1.3218141,7.248761,3.7610962,0.0,1.7450521,5.49288,4.63367,2.3196814,2.4431963,9.104679,0.0,0.0,0.723961,11.060494,-14.719732,-14.078618,-3.4682648,-7.225078,-4.4428806,-2.9677515,-7.703609,-9.5315075,-8.126846,-8.806338,-10.363383,-0.0
2,2.201909,1.9473741,0.81357455,10.8590555,0.0,8.938494,3.9873729,9.37742,2.2365127,7.8891397,0.0,4.695689,3.0161192,0.0,3.1343915,7.986457,0.97038674,0.0,2.8991454,7.9302654,8.145316,3.4661639,0.0,0.0,6.9135666,4.8472147,3.121246,0.0,3.7236335,7.9729376,1.2805057,5.6113234,3.321885,0.0,17.077173,0.0,1.0786515,0.0,4.753546,12.90062,8.510305,7.478321,1.6839464,3.2371328,2.3866844,7.4851003,0.6162574,3.159309,5.937873,3.2552702,2.244627,1.2018551,16.486969,0.0,5.0156727,3.3829648,0.9473671,7.2896023,5.948731,2.0935135,5.489677,0.0,3.6231437,3.5855315,6.836186,3.2356238,0.896505,0.0,-15.99214,-9.7554,-4.559483,-0.6669112,-4.35565,-11.686396,-4.274734,-0.0,-5.741011,-6.025765,-9.35747,-12.837204
3,8.653549,3.591489,6.1079345,11.721473,3.8037393,0.0,0.0,4.3211765,6.110613,0.0,0.0,2.244875,7.667442,1.562716,7.9602036,4.6110315,0.0,6.4975967,3.0472155,0.0,8.621442,9.374893,5.456598,0.6302454,2.332097,3.2226515,9.113316,2.0732653,0.0,11.803893,4.542193,6.73896,8.687498,1.8662665,12.052397,3.4710271,5.866034,1.9563905,3.4231617,4.159203,2.4750795,5.4363236,1.3704884,19.888002,6.338502,10.810288,9.495177,19.691444,1.0604353,4.839683,10.092824,4.5690594,10.861277,3.9431858,6.487532,2.3543684,5.2330203,4.9819446,12.238956,3.4641514,2.2981799,4.980813,0.0,3.6407237,3.5515482,0.0,16.643946,3.3980544,-7.58872,-5.794254,-0.95801973,-3.8864374,-8.640413,-4.6078377,-10.875116,-6.067636,-7.820978,-12.41375,-12.478821,-21.235533
4,11.200227,0.0,15.262707,4.1918836,2.4758513,2.9704442,0.0,1.787719,0.0,1.2556746,2.1619463,2.183609,0.0,1.5341004,6.3861756,2.0471015,7.623915,10.213143,6.0498137,0.0,0.0,8.316225,1.7864136,5.5077887,4.6963315,5.7621994,10.880759,4.9728417,0.0,0.0,1.7848512,3.4314234,0.0,0.0,2.1123521,14.199887,2.59157,0.0,14.112449,1.7051046,0.0,8.4270935,22.22621,0.0,4.703491,4.3550944,0.0,6.4732614,4.020335,7.915298,2.363585,3.806797,7.3676414,3.378158,1.1118325,4.344309,0.75520617,3.7435825,7.396923,3.0639398,10.154844,3.931443,0.0,18.736628,2.2701197,11.221885,0.0,4.4360576,-2.4950128,-16.325138,-4.245809,-10.249954,-0.0,-6.7741776,-6.272907,-1.5302346,-17.914993,0.0,-0.7930525,-10.0675335
5,4.1539392,2.9840045,7.1768975,7.4623475,10.763594,7.8081946,1.8164023,3.966971,6.9028955,2.283784,16.289356,4.6135826,2.2573762,5.828435,0.0,9.139033,2.6651943,1.505059,1.6025957,2.625374,6.606806,0.0,4.51375,2.30086,0.0,5.0002556,5.2382407,0.0,3.276655,5.064125,2.384184,4.1881356,5.286343,5.8603697,5.863251,6.209738,1.2422335,0.0,10.334159,6.4483676,5.043898,4.3112974,1.2759717,2.896232,6.322871,0.0,16.32077,0.9477078,5.443349,6.299317,0.0,5.8902316,1.8078942,3.3694518,3.0336368,0.0,0.88222027,5.4342346,10.902853,7.2336197,0.0,0.8388922,3.0659835,0.75547147,0.0,4.5178022,11.427447,11.359636,-9.432632,-17.746202,-9.6679535,-2.09499,-0.6338978,-1.1033633,-20.435057,-4.6182094,0.0,-1.0573862,-5.553169,-9.135349
6,10.370405,3.7591295,0.80656815,5.621343,5.5189986,9.810159,5.034591,5.483989,0.0,2.8933797,3.555556,4.075856,0.0,6.7919893,6.286018,2.943585,2.013436,2.887416,5.533931,2.6789882,5.114761,4.033639,5.9118104,0.0,10.386144,5.028041,6.444117,0.0,0.0,10.109342,6.8258696,3.5268486,0.0,0.0,1.9616736,5.501808,19.512806,10.500217,6.4406414,21.220625,3.97785,7.449157,4.7105527,3.878425,0.83397037,7.1225953,0.0,1.5735186,3.8495939,1.7439331,0.93272585,0.0,3.272341,2.3913226,3.5846806,13.141038,4.4610286,3.1796308,7.646458,0.8722268,6.068021,4.889144,1.1808786,2.3808088,2.8962748,0.0,12.0949135,1.1183754,0.0,-5.553283,-14.021155,-7.9380097,-6.840287,-7.9857354,-0.64525187,-9.969522,-5.1683607,-9.189265,-8.653875,-1.011678
7,3.4778705,2.5827813,5.87297,0.0,3.133843,1.6535257,11.093317,10.000601,0.0,1.455896,5.9500947,10.249575,0.86575377,9.556297,13.387893,0.0,0.0,7.947301,5.6636457,1.3417414,5.315074,6.7751293,9.16086,0.0,4.9471316,2.839521,15.245512,8.135886,8.426433,5.7825294,0.61263794,0.97811025,0.0,0.0,8.642502,4.847883,3.580726,4.936426,1.5068543,6.0661144,5.2686663,0.68978447,5.3595552,3.5301356,4.5308723,2.2534058,0.0,2.8135848,5.4768424,0.0,19.7325,7.311663,3.6486373,0.0,4.317883,3.4003134,3.7686987,4.2969894,3.079699,5.3683066,4.1558867,2.1920202,0.0,0.0,2.6374922,6.6927533,2.8191078,0.0,-2.5156121,-22.293648,-4.980941,-25.321756,-16.540926,-1.8432312,-5.2138486,-10.83175,-8.084308,-6.642946,-1.861058,-6.4077325
8,0.0,1.9540957,1.5840036,7.8741474,6.6198215,1.042151,6.6911397,2.8230531,4.5277004,1.4179995,8.705427,11.776648,1.9645402,2.3837976,7.4141026,1.6690646,4.9499917,4.3322086,4.210511,11.798227,1.4933871,13.656758,3.7127507,0.95433676,2.5297534,1.611097,16.287712,2.2968938,5.3488894,0.0,2.7546127,4.5431395,0.0,6.784535,3.0829077,0.8858937,0.8303817,2.2728326,4.399878,0.0,5.767118,12.05992,4.7850895,1.075515,2.0052712,0.67179906,5.1761045,11.438494,2.1707857,3.2826982,3.229188,5.0289073,0.0,4.4700856,0.0,4.605349,2.0710876,22.990278,9.737696,3.2123804,2.523084,2.1966794,5.2789016,6.5339904,2.3065298,1.2444121,9.477178,0.7114221,-2.6378706,-4.760462,-12.331522,-15.189231,-4.2172256,0.0,-5.190373,-3.7268002,-9.848129,-10.925599,-20.575914,-8.161495
9,6.771683,0.0,0.0,0.66889256,1.2432768,4.4895515,0.6824693,0.8240223,8.185629,5.4416986,3.406009,2.4016876,6.5447807,0.94026554,11.114526,2.0986214,8.145036,0.0,2.3828921,3.8289468,2.2095292,2.7201848,3.9199517,3.3437533,5.9132614,3.6923041,3.6052577,8.287673,12.715334,2.894073,3.4955232,2.7952285,4.2253447,13.545008,9.78874,3.5097158,0.8905515,0.0,0.0,8.882149,4.464473,12.072586,1.889302,0.0,3.208588,2.2791724,2.6866236,3.7459795,4.978013,2.7398977,2.4671447,0.0,3.5611145,14.078119,7.8891354,1.6257839,0.7355743,4.9977193,16.168196,4.1152616,1.1006174,2.173777,0.0,0.7217861,0.0,6.4501467,2.6950555,0.0,-5.2425413,-2.7215953,0.0,-4.5977864,-8.329476,-9.544998,0.0,-8.139361,-9.335394,-5.2119336,-4.05952,-11.734325
10,0.0,3.2346208,12.951502,5.386149,3.7598329,8.8514385,0.0,0.8970232,11.291005,0.0,9.61286,12.06543,5.756622,0.0,4.9436727,0.0,5.178473,0.0,0.0,2.492118,5.809731,0.7158998,4.5811,4.091632,11.219416,12.081318,1.319124,0.0,2.1610262,0.0,2.8506591,10.396309,6.9825153,1.9359702,8.291232,1.8677615,3.1155138,2.7441123,0.93163425,9.655996,7.4753485,0.0,3.1259031,10.227343,1.1683798,0.0,6.9468145,3.65252,0.0,2.5417466,15.400564,4.1175637,0.0,4.865499,8.777681,18.878448,4.5529876,8.512175,9.730551,7.9930124,0.9092024,0.81831425,4.5485134,5.2536073,3.023786,1.8316997,7.2632494,0.6869559,-10.271831,-5.7490535,-12.805553,-6.31841,-21.195604,-4.9562683,-14.9852495,-3.5540993,-12.023526,-6.2719984,-1.2342604,-11.867283
11,0.0,0.0,1.0902894,6.1747007,4.8056374,5.677783,2.8560426,0.6953656,4.1307383,1.1405702,5.2997193,12.929877,12.926941,0.0,5.459391,4.8453,6.0386395,10.707463,1.2534951,2.998605,0.0,12.874683,4.5490026,1.5784559,1.0265249,1.4044653,3.0305274,6.1615453,9.104539,3.6225355,0.71236795,19.151646,2.2758574,0.0,9.4958725,6.336001,0.0,0.0,7.069307,0.65551275,0.0,9.215014,2.3732493,1.9167197,8.28721,7.9009852,12.187732,17.315546,3.9779134,1.8049915,0.0,1.1684055,0.0,4.5497146,0.0,3.9477196,3.823165,0.0,5.424781,0.6677362,5.0240073,1.2384084,12.218412,2.2055116,0.0,3.6439145,0.0,8.331413,-0.81341153,-8.2914915,-0.9459721,-13.132071,-6.781556,-17.168753,-4.576009,0.0,-13.228271,-3.7706385,-5.112256,-6.3869767
12,9.796303,0.0,1.5771266,8.395117,3.9666114,0.0,3.579841,0.65619576,4.2199244,7.3632174,10.463783,3.6287513,3.3173802,15.599545,4.571919,2.2681797,1.2526608,10.856721,0.0,10.015409,5.5319505,1.5996488,7.8598075,6.0378065,0.7689247,0.0,2.3087082,2.424279,2.447486,0.0,10.514778,2.683254,2.1621244,0.0,1.8111823,4.0483556,7.277196,2.391957,2.69191,7.6215653,2.6025465,7.235522,2.9301107,0.0,8.2128315,3.7608,4.7620597,2.6101897,12.96312,3.623411,2.6146824,2.4461396,0.9130834,1.3158851,10.811476,1.4812707,3.774315,2.1446192,4.94355,15.8391,1.7939305,1.8786601,3.382634,6.003215,2.8691218,3.8090856,3.9780803,1.5392544,-14.850509,-2.649314,-10.359582,-9.857233,-12.273474,-1.360838,-10.349463,0.0,-5.8537374,0.0,-5.8498235,-1.4923161
13,3.0738761,1.9969633,1.3153998,0.0,7.044266,8.332976,0.0,4.0947337,5.6470127,5.337004,2.8579147,5.8296776,0.0,1.4204407,1.4830152,7.022641,4.1015067,0.0,4.8287005,12.492354,1.3779204,6.1547427,0.0,1.91431,0.0,0.9230793,5.648071,0.0,1.7800605,5.8070917,3.625651,0.9459231,4.243771,9.115699,7.587991,4.2947125,2.0296855,14.290791,3.6911469,1.6985486,4.0863633,4.940416,0.0,0.0,9.280159,0.6437467,4.975706,0.0,12.273204,7.983687,4.1504016,12.401609,8.25783,12.856333,4.054357,5.6367517,8.525317,1.0739853,1.823475,1.8738399,11.754162,2.9653075,3.2069938,4.35236,10.747695,0.0,4.6952457,3.7045274,-1.6394346,-5.2698574,-8.651206,-1.8625598,-14.174921,-15.161713,0.0,-2.696221,-10.063892,-6.0744815,0.0,-7.275381
14,7.5225024,15.783342,6.39402,4.73665,1.2222028,5.584362,7.4474854,3.5557084,0.0,1.1215352,1.4319521,4.759227,3.4230716,6.5587482,0.0,14.68128,3.1597755,5.0319023,12.96829,4.098383,3.5163362,13.305996,2.635694,0.0,12.18042,2.976523,5.5858784,1.9287131,4.600758,11.619876,5.6311173,11.055873,4.4129853,0.0,3.2681172,1.6233308,6.5771284,4.17529,0.9948838,10.445588,8.496106,0.0,17.316038,8.498589,8.63894,0.0,4.4785957,0.9601361,9.847014,0.0,1.5549178,7.090218,0.9107073,3.0655303,4.740212,1.7823533,4.396286,15.227987,1.2743983,3.872728,7.94488,12.266319,2.278942,4.318087,10.610923,4.3905864,0.0,2.994626,-2.8702853,-1.7226442,-0.64952886,-9.227893,-1.8589467,-10.979208,-0.0,-8.3856125,-6.267699,0.0,-4.144788,-4.646184
15,1.015504,13.742048,1.9546766,13.756274,3.368427,4.6371903,1.5490127,5.1297092,2.0231059,6.8436,7.0991106,6.644291,6.570019,2.3033092,1.4475348,0.0,1.1050766,5.9452763,3.677999,0.0,2.4374125,0.0,10.461858,1.057192,7.938928,7.395889,1.774864,1.5910932,2.3484015,9.222563,0.0,5.302234,0.0,3.579531,4.542514,1.0419656,3.8289778,6.9145174,8.830857,2.8721683,1.5092555,10.024071,17.479214,15.284952,0.0,1.7355398,3.3337305,0.0,17.711985,2.7175977,5.4612827,1.4437094,2.5550344,0.0,2.5223055,1.8707992,7.515453,4.0568542,4.1594796,6.912438,6.8318377,3.0782874,0.0,4.835954,8.007791,8.876403,6.522068,0.0,-1.8107437,-2.8784916,-5.021707,-3.295582,-12.815429,-3.7423735,-10.639835,-14.861478,-8.611746,-3.3803804,-4.9888678,-5.437904
16,2.1957066,0.0,3.8460467,1.3531427,0.0,5.446345,0.0,1.1028594,6.108211,4.733303,12.941482,0.0,2.6264827,1.7519658,4.194583,2.758968,6.424068,0.62057346,6.5404124,2.2190726,12.164147,0.76555103,0.0,4.4840865,3.2285802,3.9293227,0.0,15.90485,1.779077,5.615694,0.7845946,4.7819357,6.2716346,0.7521424,8.469408,17.155415,4.036532,1.9995941,0.6724806,0.0,0.0,17.97676,8.561169,1.4526753,11.13253,1.1153919,7.7391686,11.168842,6.242324,1.0534225,0.0,5.801837,2.5758479,2.6325595,4.1840754,5.2732954,1.2075151,3.5190103,5.244804,2.4665546,0.0,7.5026712,10.166829,0.86906374,3.4705021,7.009028,3.4864247,2.931283,-2.6111796,-8.310876,-4.990574,-5.8087106,-8.7019,-1.512173,-16.647324,-15.409352,-4.7662973,-5.591739,-13.17334,-2.4755123
17,0.0,5.8434124,0.0,3.3399818,3.7733352,4.483014,6.9679604,2.3474605,0.65868294,0.9658438,13.327702,2.5610223,2.2792046,0.0,7.4628944,3.8133986,0.0,0.0,2.3168435,2.4896686,1.2582763,8.689863,7.812009,0.0,0.6527183,0.0,5.5903206,13.222953,5.500012,3.2962158,6.777344,11.867454,0.0,1.4254972,0.0,6.327519,3.9122975,1.7439898,0.69627213,8.945124,4.4547553,4.039756,1.4514463,5.07865,4.3787436,1.0029987,9.580417,1.6801645,13.552345,0.0,0.0,4.449501,2.5973852,0.0,5.340223,18.555517,16.525314,1.6845263,3.469774,9.333433,8.661833,0.0,5.3617864,3.4578915,1.0485944,8.932669,0.0,3.0206504,-20.37805,-5.4541745,-7.9008684,-2.2218301,-5.2223954,-5.1802883,-12.2084465,-15.334332,0.0,-7.1846905,-7.860087,-21.577286
18,0.0,0.0,6.131479,5.2639194,6.532584,1.18238,8.66789,8.03427,1.9200538,5.1006045,0.0,0.0,0.92719376,0.0,0.0,0.0,5.0045667,9.824347,1.5301199,1.5711954,6.220146,3.4700906,6.655831,0.0,4.7277718,4.9481773,5.707414,0.95936227,2.2903652,17.714783,3.126071,0.0,5.9715853,1.2111411,0.0,2.5396056,5.312237,7.437707,0.0,1.0304329,5.6150603,4.246169,1.4739133,4.638991,0.0,0.0,1.3167411,0.0,10.947044,1.7511127,1.3543615,4.49682,5.024503,6.705796,2.470051,2.8029199,7.9791455,8.813811,0.0,6.361223,12.436018,1.6979138,1.5973765,13.70498,0.0,14.511093,12.542542,1.3276696,-7.3780556,-24.844831,-1.8729934,-5.624972,-4.2475724,-8.892165,-7.7594786,-11.426271,-2.6837237,0.0,-10.7689705,-3.0759308
19,0.0,0.0,0.0,0.0,11.471516,1.7325727,0.0,9.433099,8.329773,1.7163322,2.7045312,3.0466526,2.8922381,7.7973866,5.6449924,0.0,0.9905183,4.5495,0.0,0.0,1.0234835,6.2323527,1.101982,1.6212014,8.290992,10.899663,5.8720407,6.431093,7.4125195,0.0,0.91437274,8.152796,0.0,6.41906,5.145965,2.21036,1.646793,18.642014,3.949473,3.7291603,6.6510215,3.04264,0.0,2.8162081,3.2369244,0.0,8.492137,1.2243966,3.041238,2.6608958,17.329252,2.2276964,6.274178,0.0,0.83741784,1.6800156,1.8166963,0.0,1.7884446,6.4295545,3.7708938,4.449099,7.332688,1.3072509,0.0,1.3698143,0.0,1.7877836,-22.61758,-2.703467,-2.9314091,-2.3257382,0.0,-4.0126634,-5.1999125,-13.868092,-9.190159,-8.957736,-5.29169,-11.998842
20,0.0,6.865134,0.0,5.0259743,2.2034533,9.718142,0.0,1.5129867,8.240814,0.0,5.2770796,9.152667,5.909335,14.572503,3.0556498,2.2252426,1.385468,0.91985863,9.370654,5.466824,5.682357,3.889014,5.027941,11.659946,0.0,15.124844,3.1265695,16.443928,1.7608744,8.350777,12.011034,14.073354,0.0,4.606697,0.0,4.585188,12.880381,0.0,11.957795,0.0,6.8174896,7.5873547,1.5573679,6.528185,3.842957,10.40005,13.945258,8.944575,4.233874,6.939494,9.037405,4.6477556,2.085761,3.4748,1.8513242,4.85922,7.7531567,2.7289832,5.650071,20.284767,3.7413886,3.3939154,4.2687254,8.280234,3.53973,4.969066,5.210122,3.525686,-17.342905,-18.197578,-7.7752423,-2.6135437,-9.32399,-13.723134,-5.106244,-0.0,-13.743347,-12.383283,-0.0,-2.8017097
21,13.036926,7.263754,2.0915651,1.9212985,6.7835693,7.0821543,0.0,7.4631853,0.0,2.1070342,0.0,0.0,14.541761,5.9299655,2.9290116,4.117624,4.8384523,4.27776,17.563526,2.3866107,0.0,8.788722,3.9512339,1.4873453,1.1261047,3.1039262,3.4147334,2.0126781,2.8114228,2.7584934,0.0,6.3012695,4.9173923,3.6958926,0.0,0.0,0.0,0.0,4.6509213,7.3451815,4.5893035,9.161439,3.171947,4.0669518,0.0,6.747988,4.3179784,7.617676,2.8603451,7.9608083,0.0,0.0,4.977667,11.37773,2.5526288,0.0,7.6263328,0.7049381,7.750219,1.4911976,2.911933,1.22963,2.026206,2.1189265,2.4723377,11.041166,11.129855,7.0626707,-1.2941129,-23.1187,-4.419868,-11.103284,-16.988459,-8.076465,-2.0962236,-2.9394245,0.0,-4.8798757,-5.963093,-4.9289274
22,2.5309145,4.9588737,0.0,9.394418,2.328609,6.9158645,5.5750847,0.0,6.0465026,6.3932567,15.259008,6.2383847,1.484246,0.0,4.750066,11.458538,10.494578,8.603456,1.5725987,2.1046348,3.963207,0.0,5.9856215,4.953482,14.561712,1.3699988,3.2801254,0.84202296,0.7472442,0.0,0.0,8.735907,0.0,3.7924235,4.180987,5.649301,0.0,0.75341254,0.0,0.9686022,2.1857162,0.0,6.3781595,0.0,2.8728743,0.0,5.347588,1.3394734,1.6719576,8.346447,1.9030089,0.8318642,0.0,1.2203084,5.249374,14.589305,5.903718,1.0385036,9.827448,7.1337576,0.0,11.554894,0.0,6.074931,2.9902942,3.603669,6.1110334,1.246965,-7.242717,-2.0903687,-7.726351,-1.7919658,-11.459565,-6.249976,-7.5599065,-4.2097697,-2.129126,-7.221659,-18.07396,-13.256373
23,0.99177796,10.437997,0.7535591,17.152416,2.6083622,3.289282,2.808725,3.1646183,0.9094198,7.566452,0.9903359,1.6488738,19.293821,0.871647,0.0,4.950302,5.639568,1.880652,10.796149,4.5005407,3.1489248,5.0347357,0.0,4.8361874,10.233613,3.6549807,3.877158,14.469263,4.783387,2.691122,2.890671,1.5190654,8.624674,0.0,0.0,7.369492,2.6757946,6.286848,2.5638132,4.7058916,16.419794,13.52466,11.530529,1.4012022,7.220876,3.984246,8.320347,3.4400127,8.042781,13.217408,0.0,6.1686497,11.788091,2.1185415,3.1167297,7.694572,2.5632443,6.1376357,3.4945693,1.2996247,9.16228,1.3732196,0.73887855,3.9699445,0.0,0.0,6.168343,4.894114,-6.239542,-1.2301526,-5.13805,-17.460196,-5.1784644,-18.20727,-4.777833,0.0,-4.4997087,-7.51114,-5.826119,-7.3316035
24,1.5157627,2.554194,7.3599124,1.7381068,11.295122,4.879433,0.0,0.0,10.0249405,1.8687675,8.71353,0.0,4.6623297,9.685657,4.9975915,0.0,2.1336448,3.8120413,0.0,1.8454568,5.4060135,8.8402,0.0,0.0,0.8421102,5.9378166,4.541943,5.3056297,2.5481784,3.6696389,0.0,8.361308,0.7460386,3.1124132,1.4046413,0.0,3.2845864,3.9072475,6.6361265,7.2954226,8.544808,0.8120149,3.5235567,0.7086341,0.6693871,3.0983105,4.0567718,5.708935,2.7849946,9.323779,0.9379436,1.9855636,1.0546539,2.3793063,2.8678558,1.0193025,0.0,0.0,6.101948,3.0965605,1.0390462,1.5977145,6.255055,2.769876,1.5839797,9.105775,3.710457,0.0,0.0,-17.552525,0.0,-3.038062,-1.5002977,-11.672511,-12.721297,-4.041184,-1.6981066,-11.203899,-1.3177713,-10.470946
25,0.7393879,1.4108455,5.1243615,1.8007792,3.4280531,4.2779655,2.5565171,5.826615,3.152036,1.4952596,11.348892,0.0,4.875134,12.931767,0.9728849,8.526783,0.0,0.0,4.7966003,2.5543327,1.4800113,2.138009,2.1832292,5.29344,0.0,4.869572,0.6467308,0.0,9.208605,8.795357,0.90262365,0.8748823,26.552803,4.3128214,2.5092998,15.421372,0.0,3.1983464,6.160725,5.43606,0.0,4.0648093,1.4006522,6.800116,0.7959581,0.0,3.1418848,5.955275,2.4149523,4.0530944,0.0,3.9783404,1.0566546,0.9121054,6.0296597,0.7505207,3.7036777,2.9013178,0.0,5.933707,15.135198,4.443993,1.0726507,10.287976,1.8931043,4.8880515,0.0,1.3142595,-1.5933034,0.0,-6.737691,-4.868563,-1.8858659,-0.0,-6.135991,-1.93653,-9.896187,-11.247961,-10.1282835,-1.2474872
26,3.6487627,2.8675601,3.693543,10.7851305,10.221239,14.457844,0.0,8.239646,0.0,4.6494384,10.024143,0.76552683,0.8829475,0.0,5.629097,9.935848,5.564748,13.258054,1.6569686,2.0059478,5.37502,4.1993012,4.393493,1.2394587,11.147594,4.8459816,0.0,5.325225,0.61745167,5.623045,6.4294105,1.7153088,4.836348,3.6590705,0.0,0.0,5.967571,0.8056825,5.780966,14.759265,3.7319343,0.0,5.557124,0.0,9.281203,11.442357,5.3594584,2.101574,0.0,7.118183,5.483631,0.0,8.419512,3.669078,0.80129766,0.0,3.6618307,11.043275,3.298726,11.843166,2.1846142,6.579611,0.0,9.768137,12.493345,3.8559368,10.6758795,0.0,-9.512292,-14.927031,-2.9000392,-7.692251,-6.0466104,-16.46403,-17.36275,-11.776344,-0.7589765,-4.4002256,-8.233728,-11.179977
27,19.598047,3.320213,0.0,6.0020204,8.042394,1.6588367,0.8743922,5.9429207,2.1992996,4.4131575,1.0974,9.462266,0.0,2.8091245,0.94271624,0.0,3.9950907,3.591476,5.8900805,2.5128734,6.7485824,0.0,0.0,1.8974156,7.057793,3.9575999,2.316175,0.932568,0.0,14.012785,7.084758,3.9225492,0.0,1.7024184,4.0954113,6.2134075,1.4381388,4.571957,3.693884,14.93069,7.321943,1.6943549,8.533071,7.428363,4.5362263,2.7692,1.5748079,3.2549286,6.4079623,4.4422965,4.6539516,2.410137,5.9437547,8.402633,0.0,10.78417,1.8671799,9.489364,8.735718,1.1657697,1.5171206,6.9050364,6.1780295,12.231829,5.401543,8.462185,8.267612,0.0,-3.759739,-0.0,-2.85931,-8.592426,-1.1837598,-18.817894,-0.0,-3.6018317,-6.461156,-15.3437605,-0.0,-2.2279701
28,3.416885,16.620487,0.0,7.5622873,12.868631,1.8859712,1.6193391,9.487128,2.0580378,8.12616,2.8232338,0.6234912,2.021785,9.785862,1.5770581,4.9275136,5.3791676,9.196449,2.5884643,6.7272105,0.0,9.024519,0.0,7.033831,0.0,8.245317,6.4641905,5.675723,8.573563,0.0,14.602026,4.921847,15.346982,7.1036506,20.309788,5.595424,1.6589146,2.114435,2.8481858,13.5958395,13.388817,1.7632214,1.0774255,1.6177213,11.6300955,2.4786673,6.351765,5.451079,1.9321988,1.1996742,1.4783367,0.7958024,1.2749666,0.0,4.359811,6.764443,9.713808,12.031052,2.5004513,8.343814,0.9034015,18.867113,7.2039866,0.0,5.5232325,13.116585,6.0477576,7.7655897,-3.9520216,-0.0,-10.420986,-5.1703997,-13.907934,-9.76477,-14.5610695,-7.752387,-9.314577,0.0,-6.639848,-7.115269
29,3.4613028,0.0,0.0,5.0947566,1.9133519,6.7322083,0.0,6.709433,1.8992496,8.162359,1.8179095,4.3301215,6.5998845,13.439384,0.0,0.0,1.0832477,0.0,3.697455,6.456659,8.320031,2.99787,1.0352192,0.0,8.112606,7.78019,3.9331875,2.839751,5.573003,3.2123394,1.6344262,0.9790102,8.435892,7.9441094,0.0,0.8274189,3.1088178,0.0,10.64466,0.0,12.702187,1.0654124,4.4092765,11.990409,0.8599224,0.0,3.3453164,0.0,2.7888832,8.82415,4.856777,1.3109608,0.0,2.8894646,2.6120422,2.5484784,0.61860484,4.8834515,5.487489,14.208772,0.0,9.931826,0.0,9.4502125,0.0,1.6683261,3.204446,8.29683,-3.1564429,-13.194014,-8.892673,-7.6781907,-15.560861,-0.9711176,-4.8878965,-3.8145132,-17.069988,-4.4642954,-1.4999319,-7.538329
30,0.0,3.2098181,3.2959542,0.0,12.740647,1.6690931,10.241083,1.3088565,3.9417996,14.882467,7.146084,3.3290882,4.2370625,3.2130723,1.9617802,0.0,1.6584644,5.180209,0.0,0.0,1.8216319,0.0,12.203636,0.85418683,1.7379643,4.647566,0.0,13.538059,11.900436,7.4124393,2.6471574,4.991598,0.0,0.0,13.38151,0.791785,7.302258,8.482467,20.668493,3.5842829,5.9805856,0.0,1.6738673,1.4960603,1.4439437,4.363699,7.684474,5.775467,7.0863643,12.630957,22.011728,0.0,5.1091366,4.383182,5.581332,0.899205,2.020795,5.4133973,0.0,0.0,2.61679,4.859088,5.5826497,3.4427292,0.0,2.9898882,8.211569,1.590784,-18.355642,-7.3894444,-11.870471,-12.668718,-3.2538378,-14.87985,0.0,-23.54691,-1.9022402,-1.3569294,-5.3156075,-0.7988787
31,19.828066,0.0,2.461153,9.733353,0.0,4.6417465,6.283383,11.644691,1.1620555,0.6194835,6.121589,0.93893236,1.3529158,10.911282,2.0203457,3.838435,1.7461312,2.8882978,0.71563584,14.707017,8.641944,1.426151,1.1736755,11.329515,5.0982423,9.506942,17.067915,10.191727,11.553638,4.929087,9.331513,7.6226554,0.0,3.292579,0.0,16.316357,1.9156263,11.817479,3.2663512,1.3118736,2.1290193,0.0,5.44296,2.4366148,1.3497877,7.828149,11.584053,2.6973765,0.98395395,3.7908247,5.6413136,4.4997964,10.582503,3.1154969,5.103508,8.327902,0.0,2.6971402,4.976321,6.9716806,7.2497725,0.84581697,3.5085845,5.4889455,1.508235,7.536179,0.0,3.7317977,-1.801049,-8.297718,-15.551355,-7.3418374,-1.1688958,0.0,-3.9300578,-9.398641,-8.084366,-15.757838,-14.249459,-3.689257
32,2.546206,2.2482479,4.86305,0.0,4.720967,12.734597,3.1019964,0.7860142,6.7666817,6.7897444,4.67265,10.063614,7.8357434,0.0,4.1677155,3.0846221,0.0,4.8778634,0.0,4.150314,9.888467,1.5745103,1.4561443,5.8070493,6.9615617,3.1872342,6.584773,2.0706508,5.223041,3.6243193,4.8260174,3.7388308,5.8928027,1.6105133,5.9851565,1.8385036,12.386932,1.7702551,11.423717,5.786961,2.619731,0.0,7.8385315,1.4174682,0.0,2.348337,0.0,4.752475,0.61586016,5.476022,3.3838031,0.0,8.023787,1.160038,0.0,1.7635708,0.0,10.497807,8.6778755,7.834461,2.2023458,3.957711,5.176478,4.4878383,5.2321815,0.0,2.9662373,0.0,-9.630065,-3.2885134,-3.5801451,-13.954747,-5.610847,-1.8423146,-4.6243415,-12.755608,-7.731421,-8.432833,-19.15798,-10.730502
33,4.6028194,10.281451,10.193622,1.6520748,13.00895,3.78322,8.11727,2.3546903,2.0879538,5.663506,7.5880613,8.930471,1.4602022,5.1803317,4.390693,1.2581494,0.0,0.88946986,1.8290038,0.0,7.848419,4.403285,2.9479446,0.0,1.3653549,1.6890234,9.539748,0.0,7.131107,0.0,0.0,5.431089,0.0,2.2003458,8.905443,0.0,4.2156053,13.469752,3.406371,0.0,4.406162,0.0,7.049532,3.2089915,2.7957983,1.010419,5.6914425,10.966665,9.498746,3.318118,1.4833686,4.35927,1.637293,4.6508183,3.592111,3.5639045,1.8447043,16.922253,6.804516,6.692994,1.2077358,4.575628,6.810153,0.85724974,0.0,4.4560566,3.394158,1.9931468,-6.8152146,0.0,0.0,-12.919869,-5.4753737,-4.9587913,-4.8523083,-0.8862118,-0.6369526,-4.7830114,0.0,-2.5172434
34,0.0,4.6733336,2.5083592,0.7490267,8.129008,2.8544588,9.017618,5.630178,6.49763,4.470004,1.053284,2.9332166,0.0,3.8563976,0.7052302,3.7961817,6.0585027,14.29265,9.991341,4.30651,6.151001,14.718426,3.6609304,10.407824,7.2496448,1.6775017,0.0,6.3353834,2.8692744,0.0,8.45661,5.7586646,0.0,0.0,0.0,6.815165,0.0,0.0,0.0,0.0,0.0,4.1646748,16.4679,7.4661574,1.0183797,2.6804132,2.4786017,3.3603961,1.8241184,7.115635,6.5727825,14.501164,1.3723933,8.003361,5.0052214,4.3100095,3.9165208,0.96441627,3.1556756,12.747896,6.084038,2.6117778,0.0,0.0,0.0,12.547825,2.649363,1.4892493,-5.992518,-11.145278,-13.66552,-2.9578915,-7.049922,-4.302113,-4.886077,-2.3854418,-9.832093,-0.9413918,-8.348607,-0.0
35,5.4225693,7.0850244,1.8596822,0.0,3.5749931,3.6107857,1.7828304,0.0,8.528704,2.2476516,1.7956861,8.103305,6.6330667,5.5217185,3.7225645,4.4147387,3.079302,0.9521102,4.5001817,0.821954,0.0,0.0,6.8791914,6.3460703,5.2816925,2.4065027,15.842286,0.0,2.1805983,0.0,19.404682,0.6264365,0.0,7.3972554,3.3927124,1.3292834,0.0,4.938737,1.4166284,3.3328154,3.2123344,3.169121,4.73724,2.3530183,0.0,0.0,9.927742,5.9661984,8.639796,0.0,3.9982617,0.0,0.9392953,3.3820481,0.6650056,0.0,0.0,5.7837973,0.0,6.805986,1.8363812,1.6771575,2.4018738,2.1581802,2.1816719,8.402089,1.4176655,5.000024,-2.08174,-0.0,-6.6078625,-19.818935,-10.187524,-2.0391421,-6.3892817,-5.724302,-0.0,-4.793674,-2.4165952,-5.957602
36,14.36854,14.815288,5.938337,23.32666,0.0,5.367567,3.8964417,0.0,12.723119,4.616227,2.3452587,0.0,9.363269,0.0,2.0585828,1.8281178,5.570473,5.797756,1.0939502,3.8718112,2.701184,7.3155437,4.00009,0.0,6.295479,6.1718655,2.524938,0.0,0.0,0.0,3.2927012,0.0,5.523552,9.363828,0.0,10.959936,0.0,13.995831,7.7913485,3.1485698,3.7278192,0.0,11.530465,10.556374,12.877998,5.5435286,7.4063516,0.7365952,4.183567,1.0619727,0.0,6.5926647,4.533949,3.2555463,5.5101914,0.0,4.1647573,1.5556217,1.9861432,0.9289598,3.7870615,0.6462979,4.0775485,7.09837,1.8463335,4.2178545,8.386616,7.778977,-2.8640313,-0.63876283,-7.722863,0.0,-19.469143,-4.522886,0.0,-2.9353802,-9.566976,-3.8762753,-9.724088,0.0
37,7.1534886,5.8953023,0.0,11.2309475,10.931338,1.1527497,3.5180585,0.8337734,2.1527514,9.382484,2.6696093,3.7500997,11.490603,10.119892,10.199544,2.6777933,2.3131254,7.003005,10.997186,1.8085192,3.7827604,0.0,5.725914,0.0,0.0,6.6380486,0.0,3.1060395,0.0,0.93133307,0.0,0.0,4.597763,3.3630874,5.4631224,0.0,9.704055,1.5425911,2.7127597,3.8703735,1.9805944,2.4452753,7.063852,2.3969946,12.280379,1.0342847,4.4394946,6.65743,0.0,4.6803927,13.777282,11.0621195,3.8125672,3.0664573,6.847238,0.0,1.9280254,4.0367293,3.4124718,7.623718,6.58596,6.7542014,10.681733,4.081158,0.0,0.0,4.2427087,10.538291,-6.8310122,-3.1358142,-6.47291,-2.5491683,-2.321939,-13.228062,0.0,-6.4602118,-4.304217,-11.6045,-2.8093472,-11.63861
38,0.0,4.2252645,0.7111054,7.4646606,11.356815,8.494989,2.8927646,6.7533216,2.3495455,0.0,6.020944,6.8503394,12.827135,18.264837,6.2065864,9.222726,11.637648,1.6977115,0.0,3.590891,4.2683053,9.821304,3.2369778,0.0,11.1476145,1.8188637,2.8987825,0.6983404,7.342734,2.28655,1.5365903,10.641752,0.0,2.5445464,1.193747,5.128089,6.3352666,2.1309931,0.0,9.667277,0.98925173,9.192563,5.6834755,3.1487412,17.078217,3.1539233,10.15162,2.898987,0.0,1.7135845,2.0180104,0.0,0.0,8.704982,4.0337796,2.353549,15.279027,0.0,4.515428,5.360639,0.0,4.2629805,1.4066648,7.8883514,3.9808576,3.9661164,0.9070776,3.7885528,-2.24031,-14.250344,-1.2596883,-11.216805,-12.730845,-3.4438636,-7.419882,-6.7249513,-15.581804,-16.835556,-23.891108,-12.647446
39,0.0,1.9910294,6.725678,13.267555,8.966989,6.4612184,4.4545374,4.298122,11.043928,10.161605,2.5163326,0.941769,6.694436,10.212462,1.8614821,3.6047685,1.7221239,6.640006,8.870648,3.6572173,1.8014432,6.752387,6.784137,8.590269,7.6296353,9.167855,11.9949,3.0956404,7.1308246,10.754153,2.9829445,9.800134,6.7929406,3.4624434,2.2990353,7.2700906,4.1777024,12.36542,5.4460955,4.4731927,0.8975097,2.3359632,1.1423212,1.1196076,4.443994,1.4472567,4.88444,0.0,16.299074,4.812217,0.0,0.66321963,12.121341,0.6395001,0.0,14.016134,18.461134,6.289851,4.968409,6.2469454,1.5310358,12.154751,21.755491,4.0276585,0.0,2.304564,7.017899,3.170642,0.0,-18.091614,-1.3782076,-1.5120198,0.0,0.0,-14.79818,-5.0077767,-5.0903754,-8.589683,-13.045449,-8.696466
40,0.0,1.0592661,1.7729864,10.5627985,6.2148166,5.6900067,0.0,11.231765,11.856151,1.9200568,0.0,5.7346954,2.6740875,4.5047183,15.544089,0.0,5.616907,3.4604385,2.2628047,1.8976959,5.2489233,0.0,0.0,1.3544598,4.4727297,2.283662,2.2012787,1.4034411,0.0,8.467366,5.195338,0.0,8.613307,3.7231188,17.313131,4.8245897,3.253119,2.3264265,1.2541916,6.944379,1.4687234,0.0,1.4327477,2.8828578,4.1502786,2.6096275,2.247921,6.76311,4.790673,0.9776663,2.5222206,5.909241,6.207033,11.18652,0.72104406,0.0,0.0,1.2958653,0.0,0.0,2.6195645,7.4711647,5.525802,3.0867057,0.0,1.1693455,5.773383,3.7659051,-12.80259,-10.695333,-1.0307112,-2.8039687,-3.5519373,-4.1991057,-5.8699746,-9.886794,-18.08577,-2.6220498,-3.3853045,-2.225928
41,11.275634,6.3655415,0.0,0.0,6.218184,1.8048286,0.0,3.0763597,5.244505,16.066484,0.0,0.0,7.410927,10.238946,3.6647687,3.088108,9.833075,11.06658,8.37372,7.46151,2.5456798,2.0305758,1.4783208,0.0,0.0,0.0,0.653248,12.306291,2.06263,8.617598,3.5795045,0.0,2.9662206,1.2751771,2.3113365,3.256,4.936787,5.373388,6.7094774,3.9732418,4.6449776,0.0,0.0,0.93160313,7.1772337,6.5745287,1.270674,4.7964964,5.4778337,7.0069222,15.7705145,2.6287436,4.3439937,10.149678,9.336589,2.5318909,1.0500332,14.899738,1.6450095,1.7397348,1.1625855,19.368414,4.41168,0.0,0.0,3.6453335,7.372962,1.0823734,-11.911099,-13.448501,0.0,-5.6691504,-3.392889,-0.0,-1.4570647,0.0,-9.098734,-10.384216,-7.9089847,-6.47019
42,0.0,11.571162,8.911442,0.0,2.5912914,6.375633,0.0,0.0,1.3799537,1.7307811,4.6035614,2.2369766,0.78039587,5.1611023,5.099448,5.8098645,0.0,0.0,0.0,11.148565,0.0,14.99372,4.0061455,4.979828,0.0,0.0,10.291816,5.6417866,5.731939,0.0,0.73367906,3.929788,2.4043627,5.10226,5.693381,4.5746784,3.705861,5.3305,2.5609612,0.0,5.1529884,0.0,11.01482,3.6417,2.6685305,0.8005134,2.4842947,2.0397482,2.9430294,1.137999,2.767973,3.9482527,2.6457288,1.9776595,11.379011,5.001365,2.6464512,1.1557866,6.123195,0.61762273,8.614323,11.544542,0.0,0.7039892,14.930403,0.0,6.700931,1.1452634,-2.155142,-1.8570778,-0.0,-1.6542246,-0.0,-16.840063,-17.094252,-7.1675115,-5.1799664,-7.1089354,-9.673208,-5.742631
43,6.5090113,0.0,2.4421937,2.1123273,3.52128,0.0,0.0,0.0,3.5654233,4.2819114,2.1764767,6.6084857,4.227167,1.0438305,5.9393673,0.0,0.0,0.0,3.3494265,4.5486526,0.646886,5.129387,2.2065606,15.619851,4.5922894,6.3694696,1.189709,8.832212,7.7915926,0.67977256,2.5626397,0.0,3.141465,2.9926147,0.0,3.847703,3.4134083,2.314235,2.1066968,4.9234214,0.0,2.635451,0.0,3.3264306,0.0,0.0,0.0,2.989643,0.0,0.0,4.3600698,6.464401,2.8612337,0.0,0.70732796,3.4377148,1.5901136,2.9066505,5.0405126,0.0,3.7764776,3.2799606,5.5800095,4.6208196,5.728644,0.0,0.99849683,0.0,-12.330507,-7.7644987,-1.3977671,-6.3998494,-14.613755,-18.180582,-7.15864,-15.407584,-4.2220683,-8.278036,-5.619673,-11.692143
44,6.7319984,7.797455,6.4254403,0.97008723,3.828398,0.85562676,3.3576152,1.9900317,1.7275653,19.60691,2.0887384,5.171881,5.537024,3.8845696,1.6109539,0.0,4.175131,10.027894,2.995524,0.0,1.3584635,3.3177211,9.96379,2.7662728,0.0,5.830826,3.4865272,0.0,8.176219,0.0,0.0,0.0,1.4528644,0.0,0.74763185,3.0207934,5.5984373,0.0,9.232693,8.005978,10.754732,0.0,5.50081,0.72485703,2.7159271,0.0,2.219145,3.1872582,1.3411235,2.1995282,1.9877495,3.615135,6.707841,1.7338176,5.88665,2.2100089,11.6782675,7.4988213,1.0227678,1.9339391,11.133801,5.370904,0.0,3.8245354,7.43284,4.793488,4.501132,0.0,-14.693316,-10.614592,-5.5707707,-0.83147275,-4.756902,-11.8883,-0.0,-8.685566,-7.547015,-1.8781943,-8.371862,-11.332916
45,8.183071,2.1290176,0.0,0.0,0.0,5.916897,4.9583607,5.1454363,2.3915005,2.841146,2.6371853,5.0264277,2.8607066,0.0,2.0627582,13.418052,7.8845005,5.1558785,24.388193,3.9459956,16.738997,1.1055499,14.157704,1.9405149,1.4932052,0.0,15.588391,0.9516844,0.0,6.307188,0.9034704,0.77389336,2.34207,1.293941,9.246753,1.8957566,1.3759462,0.0,3.0608034,8.028613,0.74732447,9.44503,7.3222647,1.3258051,0.0,0.0,0.91088116,0.0,4.4735813,4.8521247,4.9016953,21.495031,1.760538,1.0976616,3.827959,3.2788785,7.0186744,0.0,4.7498546,0.0,8.338154,5.949252,1.3176115,0.0,5.1587377,15.004308,2.6168902,9.526582,-5.6380224,-5.6519,-2.661712,-2.2446315,-0.0,-27.222128,-9.385684,-2.0678854,-4.014396,-15.097296,-13.555768,-0.0
46,1.1801856,3.7770576,4.097481,3.0309591,0.0,2.3030963,2.234187,11.154078,7.680277,0.0,11.387075,5.41396,4.454118,14.061631,0.0,2.2687101,8.837344,5.374658,0.0,3.7196746,8.168142,17.033775,0.0,5.9593654,4.2537575,0.0,0.7829473,2.9937387,9.276524,10.566735,2.6992183,2.2762408,1.5026519,15.186961,8.308449,2.7641468,5.243326,0.0,0.0,0.0,1.4229966,0.0,0.0,0.8623114,4.577806,2.5157025,0.0,6.3304033,0.0,6.487967,0.0,5.7541075,20.827484,3.437802,1.9362954,4.6830854,0.7871759,4.541626,6.9995165,2.0938115,7.426642,3.4867525,0.0,1.1012043,0.0,1.9882718,0.0,7.2063704,-13.798588,-1.1657516,-2.9013457,-10.288376,-20.554531,-2.7258532,-8.882327,-0.0,-4.021636,-9.401213,-5.524237,-3.9487002
47,6.9958777,8.0249,4.0561013,2.0023713,0.0,2.5997813,5.775397,5.186231,9.69064,2.1089969,12.077272,0.84891325,11.837687,0.0,6.9486384,1.2182641,2.941595,2.5466235,7.1594105,1.2046163,6.3358884,2.1399088,3.2123086,12.540645,4.8874125,16.053953,17.553135,5.953535,7.4545436,6.4135394,7.9989524,2.5737967,0.6371179,17.77423,1.4983112,0.0,1.6014128,9.0408125,6.049967,0.0,3.9662263,0.0,4.106604,4.554569,1.0256429,5.869268,3.9728403,5.018635,0.0,0.0,3.5776355,5.1492324,0.0,13.963958,14.030458,0.0,3.604154,4.107276,1.8856779,10.700372,5.3339257,2.9292343,3.4278128,1.7955775,0.0,2.4114802,0.0,5.110973,-7.0999093,-6.8439493,-13.575476,-2.8084326,-2.5277207,-14.793963,-0.7161373,-1.1143733,-4.6973963,-3.4578383,-14.2433,-13.444611
48,7.723243,1.5489885,2.1599057,2.6173477,0.0,5.4650545,0.0,0.0,0.0,0.6574243,1.9897829,1.9636632,0.0,6.9883084,8.4106045,1.9724544,4.1176176,6.4936047,8.960772,3.0987492,14.131902,2.869248,4.368324,9.651876,0.0,5.9723783,4.344378,10.886448,2.967444,8.84936,4.285725,5.1341033,0.0,0.625444,0.0,9.701907,5.7770753,6.177049,10.769779,2.8788235,4.3037043,0.0,5.5962496,5.725713,0.0,0.0,11.62244,2.7649975,4.7919683,12.646591,1.021151,1.6591676,5.105609,3.0515792,3.8567405,1.1921161,2.677205,2.155455,1.0681477,1.6718148,0.78851104,7.015396,1.6579074,2.7674823,2.285781,0.9234932,1.1590683,4.5991077,-7.409785,-1.1143082,-11.761358,-33.20193,-1.5570995,-5.136168,-6.590387,-6.64015,-14.638656,0.0,-4.088422,-11.033255
49,6.2643433,1.8955326,4.329176,5.615454,1.8835677,10.492232,4.4343977,0.0,9.532493,2.8669198,0.67492616,0.0,0.0,0.0,0.6504607,2.005361,7.1553736,0.90153223,5.8232045,3.7395802,4.2630553,0.73367345,0.0,2.4650183,4.4533987,6.862406,13.04421,1.3936901,2.5952806,2.1823354,4.6693306,1.5380685,1.0908502,4.692026,0.0,0.0,0.8710037,4.1854105,7.191729,7.6101327,4.413326,14.557268,0.0,3.3230379,3.6764815,2.098038,5.295181,0.0,12.002784,0.0,5.0940866,6.0272865,2.4071672,1.8299495,6.607878,2.0904748,2.3459375,3.9935076,0.0,1.1773744,3.191906,11.956214,0.8046977,4.3715286,1.1895753,6.4209905,1.817104,0.6322345,-1.070029,-7.5902095,-14.692013,-3.3245263,-11.248464,-1.3272212,-2.4596555,-8.437391,-27.571398,0.0,-7.090243,-10.685513
50,3.8054886,1.2551658,12.441357,6.618916,3.7324092,1.410949,9.235192,4.0308223,2.7228138,0.0,21.444378,0.0,0.0,3.4560785,4.635021,15.235975,0.0,6.6705627,9.901466,12.841281,7.275249,7.5588613,0.64903253,4.882748,3.729806,10.596329,1.9861889,2.2101707,3.321605,8.88124,13.173292,14.287296,3.0578902,1.9943204,3.0426173,5.245228,3.6764715,2.0018928,5.8297544,8.289505,3.8156157,4.7102227,6.285415,0.6481839,6.0783095,9.8930435,4.91457,3.3308349,4.6720514,0.0,4.0271506,3.3590674,5.164416,4.097198,4.2272077,4.735626,2.0931919,0.7892187,5.7379184,1.8035017,1.7542789,4.182198,8.185927,2.427956,0.0,2.5685875,0.0,3.1910903,-9.944381,-2.5705156,-7.4420404,-3.0957007,-11.859067,-7.7608557,-0.0,-7.127298,-4.3290033,-2.7971756,-4.941111,-3.1756344
51,10.904282,0.0,11.902701,4.3515472,1.9813392,6.1626053,12.350034,6.556649,9.327337,7.6535435,3.7627542,0.68515533,7.5207458,1.0076329,0.0,6.3749743,1.3162763,4.916958,15.255692,2.6633918,1.0200751,2.021188,0.0,1.0900105,0.0,3.2471056,0.0,2.8673937,0.0,0.0,0.0,0.0,9.123446,2.619549,0.0,6.0166054,0.0,7.4238505,14.130372,8.79245,4.1199937,0.0,0.0,1.0470752,5.466236,6.486289,3.209554,11.677749,8.888033,4.550564,1.6706306,2.9361672,2.4012659,3.2362702,2.4619946,0.6443672,4.87988,1.003142,8.219431,9.475668,14.127917,11.792737,5.3186617,18.754251,2.8874261,0.0,1.3632166,15.7728615,-2.3294115,-8.001279,-3.8489683,-5.522041,-6.751872,-12.635075,-17.977898,-0.0,-16.692722,-20.26175,-8.622732,-17.881124
52,12.412175,4.3570037,2.747141,3.7625291,4.383903,6.5135665,3.574247,1.9640136,10.11965,6.0354805,2.7336626,12.411046,4.600352,6.1107965,4.848342,0.0,2.1269047,1.5754477,3.6877854,5.5625043,0.0,4.079744,1.5584038,0.0,0.0,9.020589,0.0,0.0,2.5469165,0.0,5.118739,9.644567,3.1492589,6.6808195,0.0,0.0,3.1262665,6.036308,4.476147,1.2726688,3.5664697,6.661422,1.3458188,6.449512,3.1820655,9.734443,0.0,4.242292,1.8132521,1.7853994,11.750632,8.410158,2.5104737,6.5141344,2.4539392,13.313065,3.5180635,0.0,4.4552712,1.4065067,9.020773,1.4062874,16.704857,8.496594,22.429083,7.6935034,5.4071083,1.9654808,-2.464245,-9.322334,-2.261873,-3.6895623,-8.300561,-2.7463984,-8.522837,-13.051367,-15.638129,0.0,-2.601766,-2.0308094
53,0.0,2.8884075,0.88469887,7.8759313,3.4898798,3.2112713,10.216256,0.0,7.689162,7.2412186,3.6661713,7.9727044,5.4916177,1.4424168,0.0,0.94400626,4.693145,0.0,8.415301,6.2278695,5.7282786,3.170502,3.3925288,4.547307,3.2403185,3.6926067,1.2371585,8.264289,3.0511339,0.0,1.942938,11.111775,0.0,1.3014003,9.5279665,9.465119,1.8639975,1.3553324,0.86792004,2.7111983,4.5958123,0.0,0.6475525,7.137657,1.3017981,0.0,8.857217,2.4414089,10.353169,2.222859,8.638512,1.9575379,0.0,5.800064,0.0,10.225179,0.0,0.0,4.717952,0.0,3.4434166,1.0469215,4.9989414,0.0,3.280395,0.0,2.2216299,1.592618,-1.3483356,-4.6929445,-13.168028,-10.403468,-8.549065,-13.948323,-1.6876272,-1.543248,-4.783797,-3.272562,-20.523853,-5.892324
54,6.6864495,0.7842598,6.552266,1.5999596,4.391313,14.340202,0.0,10.110881,6.8496966,1.7938051,12.929675,6.0202975,6.8669286,4.902662,6.1923723,13.2851095,9.596064,5.9383903,0.0,0.0,0.0,0.0,6.4284368,3.2742076,10.576026,8.819379,1.3171893,0.0,0.0,12.660941,2.9278708,2.6925597,2.5330803,5.774392,3.3151085,7.091906,4.376836,8.358756,5.991664,1.1487393,0.81128645,4.8125753,5.242769,11.725655,1.5982583,0.0,2.0565827,6.823293,5.1119795,2.7987177,6.8741336,2.4717329,0.7349342,12.791554,4.2991843,0.0,5.3196073,0.86822724,3.2551036,0.0,5.392812,0.64005226,4.657815,5.8729677,2.338987,0.0,9.487017,3.546324,-14.669195,-4.881584,-3.9932919,-12.499293,-13.513257,-2.7502823,-9.404782,-10.656651,-16.175251,-1.992569,-10.51604,-4.139532
55,11.632621,2.2570333,4.973316,20.990665,5.543416,5.171312,0.0,12.979261,0.0,2.7981062,2.540979,17.846739,6.5060234,5.1381125,8.355177,4.595132,19.869556,2.950318,7.250263,0.7156047,2.7970083,1.1260221,1.2178963,2.8365736,1.5369643,7.4449515,10.218042,4.6048946,7.101181,0.0,11.494857,0.0,3.4090567,0.0,5.3205113,12.970353,2.0928144,5.1961403,0.0,3.2159834,13.460385,2.0051744,3.3944309,9.625564,1.5311506,9.807828,0.0,2.2568066,8.643625,2.9788668,5.9614725,4.080171,4.0535655,0.0,5.0614305,2.4398866,1.7621253,5.688781,0.0,0.8535105,11.031146,6.361521,0.0,0.0,0.0,3.9112298,3.7506433,4.1932273,-17.528584,-0.0,-0.82171065,0.0,-2.5372777,-8.085102,-5.83535,-4.5852766,-4.943166,-14.897243,-13.3709755,-4.533791
56,9.753119,12.19695,7.7787,3.4819872,11.151506,6.661809,1.0933682,2.7560866,6.9465666,6.5954366,0.0,0.0,0.0,4.471674,2.0473528,10.2683935,1.1574867,0.0,2.898897,5.6373534,0.7937863,0.0,0.8341518,2.0377755,3.619621,8.74759,1.2193639,5.0080304,3.5660763,0.99406934,0.9878196,4.550255,0.0,1.3544149,2.4134245,1.2650411,7.0366845,5.962514,2.20729,8.694684,3.7382133,8.939498,8.408373,3.0910509,0.0,6.363057,0.84629774,5.9370613,6.3805532,7.1481156,5.4998984,0.0,9.386449,1.1458514,1.2174218,1.7795225,1.9966666,2.2227445,5.3548965,2.9199808,2.3111098,3.0928144,4.997427,0.0,4.3572483,2.512584,2.1033154,4.986797,-6.607898,-8.9745865,-0.914842,-7.471913,0.0,-4.02208,-4.402624,-0.95687425,-10.68139,-7.2424693,-6.329573,-14.474434
57,1.0110102,1.6762766,6.313752,4.2227163,1.0511752,0.0,4.2183185,4.988787,3.6058612,1.8396697,8.277131,0.0,4.5903378,0.67257756,1.0670774,6.2919135,2.9893332,5.833075,7.6043115,1.6103163,5.881245,1.9739921,1.0039662,13.5936575,2.5911052,1.9573325,5.426159,12.122624,2.1302338,0.0,5.6999545,12.557979,0.0,8.324832,1.0405239,5.6035023,3.038691,4.7674103,4.836139,4.8611393,2.2997422,8.065917,0.0,1.5677902,8.380894,3.2914767,0.0,2.2294376,16.684025,6.248307,6.57267,5.5950313,8.294486,3.4409122,3.8145223,2.7011127,9.856229,16.918123,5.93031,7.010595,2.0135965,11.283987,9.773607,5.165267,0.8034429,5.8562603,3.1972728,0.0,-1.5361352,-2.6648157,-4.0693426,-5.162062,-2.015642,-15.033344,-7.7341995,-5.1070404,-2.4309201,-7.6812634,-0.0,-15.552556
58,4.825505,6.6947174,1.2064894,2.0557065,3.8970516,4.8839564,0.74155545,9.862079,0.0,5.010616,8.218329,6.572957,1.8007878,8.97509,4.8915906,6.3662324,0.0,0.0,8.580843,0.0,0.0,2.3550844,2.8480904,6.1987104,6.186329,1.3235816,1.3507694,10.294352,1.9203728,4.2992935,0.0,5.8388987,1.988808,0.0,1.451028,2.013356,0.0,0.0,7.75825,3.8333585,6.019609,0.0,4.10029,0.0,0.0,10.617412,0.0,3.9745443,1.8148762,7.743762,0.0,3.9479506,8.796458,1.8390563,3.761767,9.4627285,16.152164,5.861699,0.0,3.098048,0.0,0.0,0.0,4.5807853,6.936341,3.4423065,4.5464754,0.0,-9.731305,-13.081954,-21.054262,-7.360665,-4.949142,-17.044758,-20.565014,-11.718329,-4.2842817,0.0,-12.814775,-14.23357
59,2.8086383,2.5558956,10.104663,2.1698363,7.4209456,0.0,4.5592256,1.9735221,5.3902617,0.73310673,3.088073,3.132124,0.0,1.8244398,3.196007,0.0,2.2764416,3.6718926,0.0,4.3855934,4.949814,4.285597,0.0,7.081757,7.7639503,3.2580628,0.6343293,26.265553,2.017295,0.87131166,0.65419805,6.4340134,10.028364,0.0,2.0693495,10.391843,2.5323155,0.0,8.171411,12.406624,0.0,8.798062,8.459663,2.4723501,2.3281624,0.7823612,3.1088805,14.392683,0.0,6.602331,2.64872,3.8804016,4.7442474,5.1059575,13.863913,4.9027696,0.7269273,2.2964678,4.960564,7.5064816,12.669309,6.065991,3.158007,17.525503,5.331626,5.8157277,5.2719803,0.0,-3.1786306,0.0,-18.618645,-7.0776253,-4.053424,-7.811004,-5.898408,-7.6925697,-0.0,-3.8163254,-1.4261409,-10.183783
60,4.8847713,0.0,0.0,1.2984895,2.7006276,16.86108,1.998992,0.0,2.4334679,0.0,13.462316,6.0139203,7.717434,4.949073,11.492126,5.9613376,3.2193127,0.0,14.165424,0.0,8.301456,3.220622,5.0301147,0.8542697,4.32038,0.0,4.342581,0.8887708,7.9896255,5.4293327,0.0,0.0,3.7761405,1.0323043,4.2880216,19.4064,8.679823,3.287943,0.0,8.7020035,0.0,3.7523746,9.766202,5.7151337,6.0818,0.0,4.084067,8.543288,8.083263,3.8080008,10.387543,0.0,6.74294,10.552248,0.78686875,4.0032926,0.0,1.9947345,3.6469815,4.9567637,5.566911,17.663996,10.894408,9.766366,16.826206,2.831564,3.8482995,7.223581,-1.9497218,-0.82186204,-0.0,-0.0,-1.3373803,-2.9941604,-8.00847,-5.798467,-23.745691,-3.472612,-5.627609,-2.8692856
61,1.0130614,5.570831,4.4725394,1.97009,0.89662284,5.64479,7.9940395,11.855104,3.1224415,0.0,2.1228209,12.281529,17.844995,2.7927136,4.530009,1.3024024,10.248239,6.14758,13.595511,8.044986,7.082493,3.5401907,0.0,9.941233,1.0896866,3.6066778,8.918335,4.747921,2.6001139,0.0,1.8464593,0.0,1.596783,12.348342,0.620144,3.6402485,2.9659517,1.2120245,18.9473,0.70908463,0.79888666,0.0,3.570022,0.80949414,13.208949,5.5021176,4.1074276,2.982093,6.712727,13.040306,0.0,0.0,7.4379187,0.9383192,0.0,4.4655275,1.6261257,0.0,6.0372562,1.8136786,7.89042,1.579163,3.4111469,0.6135989,6.8517313,4.667084,0.0,5.6791615,-5.175014,-0.0,0.0,-5.812807,-8.135104,-0.0,-3.3274355,-1.4067848,-2.4959903,-23.81513,-7.094899,-11.544654
62,15.29753,3.7345307,7.1115284,0.0,6.0750823,22.317278,3.7116344,5.038139,6.5258503,2.190409,15.56864,3.815154,2.0957594,3.7096038,2.4666882,14.631079,0.99528253,0.0,1.3128798,3.505742,6.14092,0.0,11.2073,14.492526,2.8646905,0.0,0.0,0.0,5.9427824,2.4292784,4.7137294,3.4049082,1.7556844,4.5305758,6.576559,8.6085415,3.3487167,5.0725284,8.165252,1.9632112,11.213713,6.695466,0.0,0.0,5.342668,8.1381235,2.5141275,12.226761,0.0,2.2248971,0.0,0.0,1.0933752,0.0,0.8066356,3.6139035,4.174751,1.9161713,3.6195412,1.239427,10.971172,6.019019,11.741167,0.0,5.0871043,2.038926,6.1137385,13.661378,-19.566584,-0.97233903,-9.880581,-8.665428,-11.194666,-16.383883,-11.913581,-4.7591553,-1.6265658,-0.0,-5.244114,-2.3145952
63,6.699233,13.303478,7.411797,1.9072322,2.735943,4.162835,1.8523608,19.973969,7.244387,11.661607,0.0,5.744162,13.364977,8.011974,0.79870975,3.0470138,1.036072,7.6380568,4.9196973,1.3403165,3.8238626,7.698312,1.6737291,7.309377,1.6990898,12.446355,3.7551107,0.65882385,5.657726,5.0688825,4.816881,6.467336,7.6965256,0.0,0.0,5.448137,5.276178,3.7943363,4.1081896,4.2262206,6.6383314,2.7782032,5.6679044,1.0283123,11.7022915,5.0755124,1.9937335,3.8783934,0.0,6.484358,0.747524,5.9479194,0.9423811,0.0,0.0,1.7787234,7.5314302,2.0448475,10.118998,8.13989,2.8512893,1.9238677,16.793993,5.2602553,10.726825,5.273146,0.969019,8.053636,-8.067957,-10.353173,-6.758897,-14.770322,-10.570103,-17.102533,-3.2041898,-2.6348429,-0.91569626,-3.973389,-6.789204,-4.6320653
64,0.0,2.147738,6.4199834,0.0,0.0,9.40138,1.0597029,10.055416,13.217639,0.83420813,1.8445009,0.94834214,1.5101596,1.2906467,1.2694336,0.0,0.0,4.259124,8.941027,2.6725404,4.397595,3.6005216,22.739674,0.0,13.287738,12.69882,0.0,10.423245,0.0,5.288395,4.7626066,6.369816,2.3726106,13.924357,3.5803208,4.966487,1.7799026,5.362887,16.324085,1.0242594,5.5182457,6.2312355,1.1923071,10.70298,10.769433,6.4785576,4.67176,3.4102814,0.0,0.0,6.608133,1.8753171,3.1893356,6.8339944,1.527555,12.177864,0.0,0.0,1.1992166,1.5822399,3.4157748,11.372538,4.76424,0.0,10.322849,0.0,0.0,0.0,-16.497004,-10.543235,-13.461481,-9.011615,-12.8351755,-9.94302,-0.0,-15.372906,-3.2346082,-3.4983552,-6.0758076,-18.91329
65,2.8553934,0.0,1.7104257,5.624945,3.2288826,7.7702065,9.617163,7.258601,7.7406344,2.0033,5.6968584,4.429883,7.4787273,3.5805106,5.2495236,12.195727,5.503451,0.0,1.3135122,7.800978,10.457347,8.896803,0.6244679,4.807822,5.206139,7.0979834,4.4653554,8.964145,2.7276754,16.495827,8.20139,0.0,1.6616322,0.0,1.2496874,4.0028625,13.653352,10.231414,0.0,15.710302,0.0,10.502588,5.3826013,0.62015253,4.788044,0.0,4.85143,5.137095,3.1307213,5.3231487,1.726221,1.5406647,3.7170615,1.5549477,0.0,1.0437095,0.0,5.9145656,4.41096,6.4499636,11.056923,2.6767387,9.440261,1.5017853,6.2244334,11.801268,0.0,1.2633009,-2.7333443,-2.477012,-3.4409142,-9.671035,-7.7909937,-5.396454,0.0,-13.482152,-5.074986,-5.958318,-2.057971,-2.783299
66,3.7662382,5.383341,4.296131,1.3479502,8.604055,1.7497951,3.6433237,4.492101,0.0,7.664733,0.0,2.423639,3.0144129,12.782453,12.425001,0.0,4.27454,13.169664,6.97868,10.732962,0.8231217,0.0,7.2827716,1.0810778,4.8935227,4.283146,0.84893817,6.611137,0.8292427,0.0,1.187318,13.991613,0.0,0.0,0.0,0.0,2.937256,4.465973,6.5067315,0.0,13.768119,4.991323,0.71606755,12.743098,9.253923,6.3693314,1.0059029,7.956896,16.525959,10.44192,0.0,0.0,1.764192,1.6618785,1.7238628,1.5765643,8.08407,9.243914,3.6815088,5.165356,1.5173382,12.887647,2.6712828,5.719528,0.0,5.354848,0.0,0.77991486,-4.519719,-4.464751,-2.3132117,-18.689676,-2.7467883,0.0,0.0,-2.2372239,-3.7561252,-4.831342,-4.3950257,-3.1461232
67,7.4779506,9.122669,5.9143753,14.940073,3.8925228,7.788981,1.3398767,5.044412,1.9027356,4.8419394,15.981377,6.5652742,0.9800012,1.6646014,7.7419715,4.0071244,2.043922,2.4860919,8.001603,6.4224343,12.012748,2.4888964,3.084314,11.339391,9.487392,7.8380957,0.0,1.6372237,0.0,6.7142344,0.6252782,9.102503,2.3991113,8.005634,15.645892,1.0310137,2.3084345,4.4967356,14.759571,0.66391206,2.5086412,5.5139775,5.281817,1.8118562,1.9471194,12.150924,11.479439,3.5281153,0.971122,0.0,3.4831092,8.932319,0.0,1.1958779,7.9305944,0.0,0.6330781,3.7432225,2.50648,7.4720135,0.9167889,4.7496977,1.4130945,9.542942,8.6817,3.052326,0.0,13.164436,-13.045066,-4.999487,-2.841925,-1.3334248,-11.291063,-5.3878117,-10.850293,-5.6113777,-6.1523066,-2.7475483,-9.6113615,-9.77702
68,0.0,15.402903,6.3095303,4.9893293,0.86440504,0.0,5.1834774,3.433421,2.2810524,3.3253257,1.4095228,3.018879,14.180697,4.8045416,7.4010396,6.883037,0.0,9.571753,9.326923,1.6975458,0.0,0.0,0.74985635,1.9250969,5.037009,7.485591,2.9398367,7.3541408,0.0,8.768321,0.0,0.9706871,11.454157,3.0819688,4.1998897,1.357015,1.9676458,1.3189147,8.196748,5.8526936,4.5833945,7.2628484,1.3051147,0.0,12.095216,4.066762,7.4300213,12.642739,5.6872525,5.087961,10.519725,6.240525,2.82216,8.505244,5.8646245,3.575654,13.3623085,0.0,10.47416,4.840746,3.3774524,8.388665,10.710809,7.9101114,7.298045,9.908538,4.5987225,1.9357058,-5.1116233,-6.9203243,-9.494484,-5.1168537,-12.889487,-3.5287988,-0.0,-10.797192,-4.260598,-2.1360748,-2.1250932,-6.7261925
69,1.6466079,12.755562,2.4679608,4.7210407,0.8770502,1.0072719,1.6146961,2.074871,7.625521,4.3797193,7.4997406,4.5476995,16.063017,0.0,1.0569757,4.3056893,3.4783614,0.0,0.0,6.1252794,0.8624064,0.0,6.485036,4.3440557,11.739005,7.932617,9.117682,3.6545699,13.952407,0.9492346,1.0946339,4.090858,0.69392496,1.0807043,8.049485,5.737209,4.0850825,0.0,0.0,1.8289531,6.4959526,0.97398174,6.0706105,2.6564863,2.3905876,6.2135067,6.604043,7.1169586,1.4141208,9.069205,4.0576057,0.77607363,4.533402,1.4674084,3.6773047,1.7525522,2.3787858,0.0,1.7186819,0.0,1.493456,8.513247,0.0,0.0,0.0,4.963887,0.0,2.913588,-20.147388,-2.291639,-4.7638803,-1.7543836,-0.0,-1.6343241,-16.478045,-7.0953984,-3.049082,-11.492362,-3.0206769,-1.8430184
70,1.7218436,15.975874,6.2458024,2.0941575,1.8492218,0.7781331,4.619332,1.7538905,0.0,3.3586051,4.2082486,1.3761469,18.605873,3.310319,15.139989,1.4376585,0.0,14.71862,14.689328,17.868454,0.0,2.0261314,1.6035099,3.7038574,0.0,8.544166,1.1677206,1.5687667,8.399354,4.1048093,7.6973534,1.3410115,5.205695,0.0,5.4455867,1.9508319,2.2495856,7.371889,21.247818,3.0167618,1.7312868,5.7349167,5.5876293,3.076531,0.0,0.0,0.0,0.0,9.531291,5.820317,0.0,3.9249606,7.341365,4.866111,0.0,9.997131,17.269293,0.0,1.8998424,0.0,2.314083,7.370686,2.0610385,12.015182,0.0,2.6261826,3.4899285,1.7008219,-5.719413,-8.00374,-20.541704,-14.615478,-17.248743,-13.908789,-10.963568,-11.668752,-7.892033,-6.2103095,-7.7319508,-0.71648985
71,2.5451617,2.1531692,5.4319615,0.0,0.0,1.613244,0.89598745,6.320682,1.3389711,3.3581288,5.648287,1.3591167,3.9822721,0.83799076,5.398132,9.148598,1.0040019,3.906437,1.9955797,0.0,3.9020095,8.158131,5.0236683,10.483147,0.92451257,0.97866255,7.76993,11.716768,4.62596,0.0,2.8636665,14.432461,1.5741874,11.087283,6.385225,10.829505,12.97412,6.249774,3.36949,15.323232,0.0,4.4325986,12.345823,3.85501,6.7915177,6.6274204,0.0,11.730089,19.525908,3.8212776,1.2886544,4.8566794,0.0,3.5142128,0.0,4.1170225,1.3257129,7.345025,2.9066305,9.077254,1.4033911,6.7434,1.1880437,6.3595796,2.5027711,2.802568,2.5450816,0.0,0.0,-1.1765803,-14.69423,-2.457652,-1.3448802,-2.8185751,-2.9310374,-7.2759275,-9.433628,-3.678676,-0.7465495,-11.951005
72,9.563846,5.8416133,4.8465447,3.4845524,5.249715,0.0,4.8042064,0.0,0.0,3.313651,12.109903,9.568139,2.9708936,1.2162637,0.0,0.7110225,0.8093541,3.6388752,10.420116,5.203306,13.196402,0.0,10.098172,2.2069767,2.9269483,1.6255647,2.2015498,1.0570699,1.844829,6.3680644,0.0,1.3591173,3.1334918,0.0,1.9888058,4.7312593,2.518921,3.4196827,6.6919217,0.0,10.771507,0.0,1.5393891,2.0480008,4.9147706,5.290569,2.703783,9.294468,4.966935,0.831882,4.227269,17.559973,4.066133,9.098049,9.290924,5.1113505,0.0,10.48287,0.0,5.2992787,1.2421314,10.26088,7.554331,7.7171955,2.694345,6.947323,3.6126442,7.615216,-8.679009,-2.1129932,-8.384407,-0.0,-9.34999,-2.3759608,-5.970096,-3.0652719,-10.91961,-4.5155716,-18.824486,-1.683534
73,2.041067,0.0,2.2179132,4.8901644,1.4718753,5.4620614,6.1659226,7.6006346,4.8156548,1.0578235,1.2730618,4.1379485,3.7706885,2.6003416,1.1161103,1.4413953,5.4377923,0.9809052,0.7345242,0.8342321,16.588177,4.226276,13.746063,0.0,15.221879,9.405095,0.0,3.4110541,2.8131378,14.309126,2.7981434,4.132804,7.142479,7.1088037,13.973338,3.889493,6.095087,1.0028191,0.0,4.267735,1.1137716,2.1538522,0.0,1.3197405,0.83239675,0.0,5.262836,2.8033707,10.499994,4.74377,3.7999735,0.94900703,6.961156,7.187727,2.7519417,3.0022988,4.1086416,0.0,8.715395,0.0,2.8867893,0.9307029,0.0,1.2906177,10.440434,0.0,5.526188,5.8480716,-6.2272344,-3.3188183,-2.6054173,-3.7955148,-5.499705,-0.0,-4.265428,-1.2367833,-1.2824948,-5.0277066,-1.7884629,0.0
74,1.772907,0.0,0.0,12.264646,0.66039395,2.0466576,0.0,1.2016354,8.1562195,0.0,2.2076888,9.487767,1.2906641,10.243857,4.035727,3.7292879,11.507125,3.0315425,6.3370104,7.380298,3.4429781,4.780836,2.3582225,3.1180954,0.0,0.0,0.0,9.12361,2.7972531,6.44441,3.4404,6.8494897,0.0,10.893796,7.6490655,3.1269715,0.0,1.433952,6.4508433,7.3669667,7.9742336,0.8792487,6.181795,1.2591591,4.3958955,10.180464,3.2664266,3.7168903,0.0,0.0,1.6774621,3.6929271,6.9865465,0.0,2.6318946,0.0,2.5012178,3.2453763,0.0,0.0,2.2055426,6.459261,4.4092793,2.9133778,0.84855974,3.544007,4.4196954,1.584473,-8.549957,-4.370297,-12.773065,-0.77282566,-8.328737,-2.3152125,-14.604206,-0.0,-4.1282663,-13.110404,-6.3718038,-1.7183163
75,4.564979,2.4075449,8.7610655,1.2053331,9.991477,6.7543163,0.0,0.88730633,7.231666,4.524477,14.844561,3.050494,5.859313,0.0,7.303876,2.7169442,1.8386351,3.7245429,0.0,6.8230796,0.0,5.17145,1.3404976,0.80900323,1.2901487,5.928155,0.665348,6.855897,1.1862577,0.0,2.7636528,2.7725446,3.1816118,7.1646776,0.0,0.0,1.1977386,11.735944,9.861614,2.4902956,1.9631072,1.7697453,2.5693488,1.3609909,2.058032,1.8728658,3.131107,0.0,0.0,1.9875653,5.8499985,3.8766365,0.0,1.9872066,7.359235,17.985134,5.9189324,1.8216425,0.0,3.4331503,14.710094,3.0208821,20.820747,9.232934,7.90766,7.9634376,15.144583,11.185076,-3.19091,-5.8835235,-10.92668,-16.923279,-0.72740823,-5.3921614,-12.035231,0.0,-0.6288689,-8.311621,0.0,-9.681807
76,5.4576344,11.9138365,3.0844316,3.6871738,5.7480364,11.045087,2.546495,16.05801,12.578283,18.657827,4.396175,1.2519896,1.3082691,5.5253334,0.7560709,1.9367452,6.299125,1.083466,2.1717522,11.847877,6.9679303,5.824117,2.9763649,9.028596,7.3993483,2.5262847,20.521357,4.8927107,1.5631623,1.2810513,2.1310594,2.4775891,0.0,0.0,2.2070096,7.6218066,1.4469086,0.0,8.272589,2.4945474,3.7629716,0.0,3.488448,3.3582337,4.635285,5.431805,10.084717,2.8396664,1.8452103,2.9742198,0.0,0.69534945,3.014472,12.093796,1.3687767,9.705381,11.69974,1.1435612,14.649401,0.0,12.229582,0.0,4.7622137,0.0,0.0,0.0,9.635985,0.0,-1.0033567,-5.3155985,0.0,-3.7198646,-7.1772747,0.0,-4.1901884,-7.029294,-3.0531192,-3.4707289,-13.5246,-2.3155165
77,15.363098,4.323286,5.6427145,2.7738388,7.0265775,1.3436148,2.7328556,5.9558253,6.797327,2.8454719,5.44206,20.524275,3.6860907,16.25541,2.5064316,8.398169,0.0,8.410351,6.994737,11.324263,2.7641535,2.0317712,16.09684,2.692207,7.39768,5.737219,1.0736269,11.166666,11.5561495,4.4511094,20.490017,5.562446,9.084633,3.1235988,5.4840426,2.1694655,2.9384968,15.435393,5.013337,14.084284,7.979475,0.993741,4.3274307,4.6557846,3.343899,2.4250398,0.0,5.9604645,1.8246709,3.3720858,15.6518955,4.0431395,0.0,5.227085,0.0,11.436681,2.0117025,10.511494,2.671348,1.8216138,2.933195,3.6135361,0.0,4.1061993,13.841822,5.528059,0.0,12.390747,-1.6979731,-13.12661,0.0,-19.614246,-4.211911,-4.2940216,-9.69187,-0.96526897,-6.0274477,-4.4466667,-8.35942,-4.8191795
78,2.667208,7.5089264,12.610507,0.0,7.7008986,7.148803,0.0,0.0,8.550766,1.4512231,0.0,1.0363743,3.8274364,10.085378,2.6301754,2.6746182,19.879345,1.7104384,6.6330194,3.2836692,4.85191,9.554887,3.474035,1.1316594,6.435212,5.0519533,2.4594266,10.853391,2.587736,1.1221747,0.0,1.4606708,0.0,7.620447,2.2263598,6.1460967,2.6693616,7.718255,3.0947516,9.127859,5.4363885,5.798601,7.2501464,0.0,0.0,1.2896535,0.0,2.164159,4.242194,0.955925,1.0377965,3.1562932,5.137546,14.946988,5.4415836,2.9879553,12.267705,0.0,0.0,4.9325066,0.0,0.97957885,1.4234493,12.000557,6.0715933,14.547263,1.2244458,5.046782,-9.106281,-11.370057,-8.575903,-11.710117,-7.7621903,-15.855809,-2.9684975,-9.5241785,-2.8609416,-19.66318,-3.9531531,-5.3242755
79,2.3604765,0.0,9.065336,4.9325986,2.348395,10.50982,1.6379272,6.004524,3.7118993,3.7959306,0.0,1.2868427,0.0,11.346628,7.6282015,10.762078,0.0,9.857761,8.8149395,3.009027,5.834765,0.0,7.683919,0.0,6.3275023,0.0,9.858978,3.4326391,4.085839,1.7167,11.011914,12.481098,0.897344,0.0,4.5896716,3.1454458,2.077466,3.0456345,12.041699,0.0,7.360722,2.904068,5.249435,6.7857294,1.0917662,12.864312,3.2150178,4.5551825,5.4963684,5.7288656,0.0,3.454904,5.9253902,6.0452,6.646852,2.32752,3.0324273,9.993168,9.355882,0.0,0.0,5.2214227,0.0,0.0,3.7412066,4.12182,16.896786,8.630134,-3.3419263,-0.73440707,-1.2600088,-9.994672,-1.5023233,-13.926302,-7.424801,0.0,-10.309681,-13.956469,-7.5213957,-2.146135
